{"Key":-119.96665,"Value":[0.18792]}
{"Key":-119.96723,"Value":[0.174]}
{"Key":-119.90778,"Value":[0.19256]}
{"Key":-119.93185,"Value":[0.18734]}
{"Key":-119.86892,"Value":[0.19111]}
{"Key":-119.85529,"Value":[0.20155]}
{"Key":-119.8492,"Value":[0.18067]}
{"Key":-119.82571,"Value":[0.19807]}
{"Key":-119.87617,"Value":[0.18096]}
{"Key":-119.87066,"Value":[0.21982]}
{"Key":-119.8869,"Value":[0.20184]}
{"Key":-119.84166,"Value":[0.19053]}
